insert into Usuarios values ('victor@gmail.com','12345','Supervisor');
insert into Usuarios values ('javi@gmail.com','12345','Supervisor');
insert into Usuarios values ('sergio@gmail.com','12345', 'Supervisor');
insert into Usuarios values ('isa@gmail.com','12345','Supervisor');
insert into Usuarios values ('eugenio@gmail.com','12345','Familiar');
insert into Usuarios values ('eustaquia@gmail.com','12345','Familiar');
insert into Usuarios values ('laura@gmail.com','12345','Familiar');
insert into Usuarios values ('maria@gmail.com','12345','Familiar');
insert into Usuarios values ('paco@gmail.com','12345','Paciente');
insert into Usuarios values ('pepe@gmail.com','12345','Paciente');
insert into Usuarios values ('paca@gmail.com','12345','Paciente');
insert into Usuarios values ('pepa@gmail.com','12345','Paciente');

insert into Supervisores values ('victor@gmail.com');
insert into Supervisores values ('javi@gmail.com');
insert into Supervisores values ('sergio@gmail.com');
insert into Supervisores values ('isa@gmail.com');

insert into Familiares values ('eugenio@gmail.com');
insert into Familiares values ('eustaquia@gmail.com');
insert into Familiares values ('laura@gmail.com');
insert into Familiares values ('maria@gmail.com');

insert into Pacientes values ('paco@gmail.com','Paco Garcia','','Calle Paco n20','+34 634345676','1','1','1','1','victor@gmail.com','eugenio@gmail.com');
insert into Pacientes values ('pepe@gmail.com','Pepe Rodrigez','','Calle Pepe n21','+34 687540987','1','1','1','1','victor@gmail.com','eustaquia@gmail.com');
insert into Pacientes values ('paca@gmail.com','Paca Perez','','Calle Paca n21','+34 678436543','1','1','1','1','javi@gmail.com','laura@gmail.com');
insert into Pacientes values ('pepa@gmail.com','Pepa Fuentes','','Calle Pepa n21','+34 609348712','1','1','1','1','javi@gmail.com','maria@gmail.com');
